{
    "name": "Financial Modeling",
    "description": "Financial Modeling API",
    "baseURL": "https://financialmodelingprep.com/api",
    "endpoints": {
        "HISTORY": "/v3/historical-price-full/SPY?apikey=7981e1e218f72b9e0737cd901fc649c9",
        "CHANGES": "/v3/stock-price-change/MMM,AOS,ABT,ABBV,ABMD,ACN,ATVI,ADM,ADBE,ADP,AAP,AES,AFL,A,APD,AKAM,ALK,ALB,ARE,ALGN,ALLE,LNT,ALL,GOOGL,GOOG,MO,AMZN,AMCR,AMD,AEE,AAL,AEP,AXP,AIG,AMT,AWK,AMP,ABC,AME,AMGN,APH,ADI,ANSS,AON,APA,AAPL,AMAT,APTV,ANET,AJG,AIZ,T,ATO,ADSK,AZO,AVB,AVY,BKR,BALL,BAC,BBWI,BAX,BDX,WRB,BRK.B,BBY,BIO,TECH,BIIB,BLK,BK,BA,BKNG,BWA,BXP,BSX,BMY,AVGO,BR,BRO,BF.B,CHRW,CDNS,CZR,CPT,CPB,COF,CAH,KMX,CCL,CARR,CTLT,CAT,CBOE,CBRE,CDW,CE,CNC,CNP,CDAY,CF,CRL,SCHW,CHTR,CVX,CMG,CB,CHD,CI,CINF,CTAS,CSCO,C,CFG,CLX,CME,CMS,KO,CTSH,CL,CMCSA,CMA,CAG,COP,ED,STZ,CEG,COO,CPRT,GLW,CTVA,CSGP,COST,CTRA,CCI,CSX,CMI,CVS,DHI,DHR,DRI,DVA,DE,DAL,XRAY,DVN,DXCM,FANG,DLR,DFS,DISH,DIS,DG,DLTR,D,DPZ,DOV,DOW,DTE,DUK,DD,DXC,EMN,ETN,EBAY,ECL,EIX,EW,EA,ELV,LLY,EMR,ENPH,ETR,EOG,EPAM,EQT,EFX,EQIX,EQR,ESS,EL,ETSY,RE,EVRG,ES,EXC,EXPE,EXPD,EXR,XOM,FFIV,FDS,FAST,FRT,FDX,FITB,FRC,FE,FIS,FISV,FLT,FMC,F,FTNT,FTV,FBHS,FOXA,FOX,BEN,FCX,GRMN,IT,GNRC,GD,GE,GIS,GM,GPC,GILD,GL,GPN,GS,HAL,HIG,HAS,HCA,PEAK,HSIC,HSY,HES,HPE,HLT,HOLX,HD,HON,HRL,HST,HWM,HPQ,HUM,HBAN,HII,IBM,IEX,IDXX,ITW,ILMN,INCY,IR,INTC,ICE,IP,IPG,IFF,INTU,ISRG,IVZ,INVH,IQV,IRM,JBHT,JKHY,J,JNJ,JCI,JPM,JNPR,K,KDP,KEY,KEYS,KMB,KIM,KMI,KLAC,KHC,KR,LHX,LH,LRCX,LW,LVS,LDOS,LEN,LNC,LIN,LYV,LKQ,LMT,L,LOW,LUMN,LYB,MTB,MRO,MPC,MKTX,MAR,MMC,MLM,MAS,MA,MTCH,MKC,MCD,MCK,MDT,MRK,META,MET,MTD,MGM,MCHP,MU,MSFT,MAA,MRNA,MHK,MOH,TAP,MDLZ,MPWR,MNST,MCO,MS,MOS,MSI,MSCI,NDAQ,NTAP,NFLX,NWL,NEM,NWSA,NWS,NEE,NLSN,NKE,NI,NDSN,NSC,NTRS,NOC,NLOK,NCLH,NRG,NUE,NVDA,NVR,NXPI,ORLY,OXY,ODFL,OMC,ON,OKE,ORCL,OGN,OTIS,PCAR,PKG,PARA,PH,PAYX,PAYC,PYPL,PNR,PEP,PKI,PFE,PCG,PM,PSX,PNW,PXD,PNC,POOL,PPG,PPL,PFG,PG,PGR,PLD,PRU,PEG,PTC,PSA,PHM,QRVO,PWR,QCOM,DGX,RL,RJF,RTX,O,REG,REGN,RF,RSG,RMD,RHI,ROK,ROL,ROP,ROST,RCL,SPGI,CRM,SBAC,SLB,STX,SEE,SRE,NOW,SHW,SBNY,SPG,SWKS,SJM,SNA,SEDG,SO,LUV,SWK,SBUX,STT,STE,SYK,SIVB,SYF,SNPS,SYY,TMUS,TROW,TTWO,TPR,TGT,TEL,TDY,TFX,TER,TSLA,TXN,TXT,TMO,TJX,TSCO,TT,TDG,TRV,TRMB,TFC,TWTR,TYL,TSN,USB,UDR,ULTA,UNP,UAL,UPS,URI,UNH,UHS,VLO,VTR,VRSN,VRSK,VZ,VRTX,VFC,VTRS,VICI,V,VNO,VMC,WAB,WBA,WMT,WBD,WM,WAT,WEC,WFC,WELL,WST,WDC,WRK,WY,WHR,WMB,WTW,GWW,WYNN,XEL,XYL,YUM,ZBRA,ZBH,ZION,ZTS?apikey=7981e1e218f72b9e0737cd901fc649c9",
        "S&P500": "/v3/sp500_constituent?apikey=7981e1e218f72b9e0737cd901fc649c9",
        "SPY": "/v3/etf-holder/SPY?apikey=7981e1e218f72b9e0737cd901fc649c9"
    },
    "authentication": {
        "type": "noauth"
    }
}